ulasan,ulasan_clean,pred_label,pred_negatif,pred_neutral,pred_positif,brand,rating_score
"kecewa sekali dengan aplikasi gopay, bisa bisa nya transfer nya di proses dalam ber jam jam, bagaimana kalau kita butuh nya cepat",kecewa sekali dengan aplikasi gopay bisa bisa nya transfer nya di proses dalam ber jam jam bagaimana kalau kita butuh nya cepat,negatif,0.89763993,0.042996112,0.05936406,GoPay,1
apelikasi ini sangat mudah di pahami dan di gunakan sebagai solusi terbaik untuk pengguna baru,apelikasi ini sangat mudah di pahami dan di gunakan sebagai solusi terbaik untuk pengguna baru,positif,6.094653e-06,1.1190439e-05,0.99998266,GoPay,5
bagus ^^,bagus,positif,0.0041440423,0.124911465,0.8709445,GoPay,5
mantab,mantab,positif,0.005584521,0.02661568,0.9677997,GoPay,5
Bagus!,bagus,positif,0.0041440423,0.124911465,0.8709445,GoPay,5
kreeen,kreeen,positif,0.12426842,0.24554348,0.6301881,GoPay,5
di tingkatkan,di tingkatkan,positif,0.020949755,0.1584363,0.8206139,GoPay,3
aplikasi nya berat.,aplikasi nya berat,positif,0.26588166,0.26428697,0.46983132,GoPay,3
ga jela masuk aj ga bisa peemuk gagal terus,ga jela masuk aj ga bisa peemuk gagal terus,negatif,0.8448948,0.13600926,0.019095926,GoPay,1
"orang beli paket karna butuh buat komunikasi, saldo kepotong paket gamasuk2 bukanya refund saldo ke , malah suruh nunggu lagi strees",orang beli paket karna butuh buat komunikasi saldo kepotong paket gamasuk2 bukanya refund saldo ke malah suruh nunggu lagi strees,negatif,0.9906783,0.0035590448,0.005762657,GoPay,2
beli paket data jam 5.45 pagi sampai sekarang status menunggu. call cs kena pulsa habis Ampe 15000. kalau lagi eror matikan aja dulu. call cs percuma ga ada solusi malah habisin kuota. makin kesini makin ga jelas ya.,beli paket data jam 5 45 pagi sampai sekarang status menunggu call cs kena pulsa habis ampe 15000 kalau lagi eror matikan aja dulu call cs percuma ga ada solusi malah habisin kuota makin kesini makin ga jelas ya,negatif,0.99496794,0.0034433673,0.0015887666,GoPay,1
mantap,mantap,positif,0.0014832024,0.048548717,0.94996816,GoPay,5
saldo sya hilang di gopay jdi saya sgat kecewa,saldo sya hilang di gopay jdi saya sgat kecewa,negatif,0.7848557,0.1884194,0.026724951,GoPay,1
transaksi lebih 50jt digopay masih ga dikasih akses buat dapatin gopay later terus pinjamanpun ga disetujui ga guna nih apk,transaksi lebih 50jt digopay masih ga dikasih akses buat dapatin gopay later terus pinjamanpun ga disetujui ga guna nih apk,negatif,0.975615,0.010785791,0.013599227,GoPay,1
transaksi lancar,transaksi lancar,positif,0.05456878,0.24022001,0.7052111,GoPay,5
gopayy sekarang anehh... saya transaksi belom masukkk dari kemaren. saya tok up 700 gak masuk sampek sekarang atas nama moh rahman,gopayy sekarang anehh saya transaksi belom masukkk dari kemaren saya tok up 700 gak masuk sampek sekarang atas nama moh rahman,negatif,0.79004514,0.16181056,0.048144277,GoPay,5
suka sama apk gopay karna bunga pinjaman kecil,suka sama apk gopay karna bunga pinjaman kecil,positif,0.013337134,0.01328206,0.97338074,GoPay,5
mantap kali MasyaAllah,mantap kali masyaallah,positif,0.0014129472,0.025214193,0.9733728,GoPay,5
top up gopay dari hari Rabu belum masuk juga sampai sekarang,top up gopay dari hari rabu belum masuk juga sampai sekarang,negatif,0.78871924,0.16856572,0.042715024,GoPay,1
"Pihak gopay gimana sih pas saya laporkan tentang saldo saya disuruh tunggu sampai tanggal sekian sekali ya pas saya mau up lagi tentang saldo saya malah tidak bisa karena lebih 7hari sudah , parah banget pihak gopay ini",pihak gopay gimana sih pas saya laporkan tentang saldo saya disuruh tunggu sampai tanggal sekian sekali ya pas saya mau up lagi tentang saldo saya malah tidak bisa karena lebih 7hari sudah parah banget pihak gopay ini,negatif,0.6504851,0.28129488,0.068220004,GoPay,1
mudah dan sangat membantu,mudah dan sangat membantu,positif,4.759107e-05,0.0009968232,0.9989555,GoPay,4
"makin lama makin ampas aja ping nya,buat maen game pasti lag parah,kapok si,gabakal pake lagi,pdhl dha pake 2 thn lebih aman aja,tpi sekarang lama lama ampas",makin lama makin ampas aja ping nya buat maen game pasti lag parah kapok si gabakal pake lagi pdhl dha pake 2 thn lebih aman aja tpi sekarang lama lama ampas,negatif,0.9781874,0.0130188735,0.0087936,GoPay,1
sy sangatlah suka aplikasi gopay nya,sy sangatlah suka aplikasi gopay nya,positif,0.012213547,0.025989378,0.96179694,GoPay,3
pemula guyss,pemula guyss,positif,0.012715404,0.07427869,0.9130059,GoPay,5
mantap,mantap,positif,0.0014832024,0.048548717,0.94996816,GoPay,5
"mantap , puas",mantap puas,positif,0.00039566323,0.018070456,0.98153394,GoPay,5
gacor lekÂ²,gacor lek,positif,0.1375152,0.25114745,0.61133736,GoPay,5
beli pulsa paket data Telkomsel aja gak masuk masuk,beli pulsa paket data telkomsel aja gak masuk masuk,negatif,0.95445716,0.03707657,0.008466229,GoPay,1
Ok saja lah aplikasi nya,ok saja lah aplikasi nya,positif,0.0032582267,0.019378178,0.97736365,GoPay,5
lebih mantap,lebih mantap,positif,0.001770932,0.07257196,0.9256571,GoPay,5
beli paketan nunggu 1 hari najisss.,beli paketan nunggu 1 hari najisss,negatif,0.7770321,0.15079741,0.07217052,GoPay,1
GoPay aplikasi yang sangat bagus dan keren,gopay aplikasi yang sangat bagus dan keren,positif,4.2873753e-06,7.2296593e-06,0.9999884,GoPay,5
"bikin kecewa lah,Isi Paket data saldo sudah kepotong TPI Kuota Gak nambah",bikin kecewa lah isi paket data saldo sudah kepotong tpi kuota gak nambah,negatif,0.78255075,0.19325845,0.024190715,GoPay,3
mayan lah,mayan lah,positif,0.041740112,0.14037718,0.8178828,GoPay,4
"update skrng kurang bangett, Qris GK bisa di pake transfer aja banyak pendingnya hadehh",update skrng kurang bangett qris gk bisa di pake transfer aja banyak pendingnya hadehh,neutral,0.32481205,0.5963189,0.078869075,GoPay,1
"apk nya di perbaiki dong, lg beli paket nunggu nya lama banget pdhl lg butuh ğŸ˜¡ğŸ˜¡ğŸ˜¡ğŸ˜¡ğŸ˜¡",apk nya di perbaiki dong lg beli paket nunggu nya lama banget pdhl lg butuh,negatif,0.53412294,0.4346784,0.031198606,GoPay,2
mantap,mantap,positif,0.0014832024,0.048548717,0.94996816,GoPay,5
sangat mudah,sangat mudah,positif,0.0029713495,0.04223413,0.9547945,GoPay,4
oke,oke,positif,0.032140836,0.19062702,0.7772321,GoPay,5
bagus,bagus,positif,0.0041440423,0.124911465,0.8709445,GoPay,5
ok baik,ok baik,positif,0.0013692908,0.008629702,0.990001,GoPay,5
mantap,mantap,positif,0.0014832024,0.048548717,0.94996816,GoPay,5
mantab banyak promonya,mantab banyak promonya,positif,0.003284124,0.013466172,0.98324966,GoPay,5
app ini sangat berguna sekali...,app ini sangat berguna sekali,positif,0.00030813567,8.555052e-05,0.9996063,GoPay,5
bagus...cuman KLO mau pinjam susah g tau caranya,bagus cuman klo mau pinjam susah g tau caranya,positif,0.03975267,0.32893905,0.6313082,GoPay,4
mantap,mantap,positif,0.0014832024,0.048548717,0.94996816,GoPay,5
ok cepat prosesnya,ok cepat prosesnya,positif,0.00089019793,0.0072303526,0.9918794,GoPay,4
"tidak worth it, beli paket data malah harus nunggu 1 jam baru masuk, org lagi urgent gajelas",tidak worth it beli paket data malah harus nunggu 1 jam baru masuk org lagi urgent gajelas,negatif,0.9444547,0.04982706,0.005718206,GoPay,1
"promonya scam!! pas di laporin, min belanja promonya malah naik seakan saya yang salah",promonya scam pas di laporin min belanja promonya malah naik seakan saya yang salah,negatif,0.7585561,0.16406307,0.07738086,GoPay,1
stuck logo,stuck logo,positif,0.15331459,0.07254454,0.77414095,GoPay,1
"saya beli paket data jam 7:30, pembayaran udah lunas, tapi status masih di proses, gw tunggu sampe jam 11:00 masih belom juga tuh pakek data masuk, yang bener lah kalau ngelayanin, gw lapor CS katanya nunggu 1 jam, 1 jam apaan gw nunggu berjam jam belom masuk juga tuh paket data, nih kalian bisa benerin atau gw tarik semua saldo gw, gak bakal lagi gw pakek aplikasi sampah kek gini",saya beli paket data jam 7 30 pembayaran udah lunas tapi status masih di proses gw tunggu sampe jam 11 00 masih belom juga tuh pakek data masuk yang bener lah kalau ngelayanin gw lapor cs katanya nunggu 1 jam 1 jam apaan gw nunggu berjam jam belom masuk juga tuh paket data nih kalian bisa benerin atau gw tarik semua saldo gw gak bakal lagi gw pakek aplikasi sampah kek gini,negatif,0.96089756,0.029822098,0.009280365,GoPay,1
bagus suka banget,bagus suka banget,positif,0.00010390594,0.0050667394,0.9948294,GoPay,5
aplikasi ribet,aplikasi ribet,negatif,0.5237507,0.15459457,0.32165468,GoPay,1
terimakasih aplikasi sangat mudah digunakan,terimakasih aplikasi sangat mudah digunakan,positif,5.36929e-05,0.00028206783,0.9996642,GoPay,5
ini sangat bagus,ini sangat bagus,positif,0.00079156726,0.010811541,0.98839676,GoPay,4
tolong di kasih pembaruan go pay saya tidak bisa di buka padahal koneksi internet ada,tolong di kasih pembaruan go pay saya tidak bisa di buka padahal koneksi internet ada,neutral,0.1571876,0.7676879,0.07512443,GoPay,1
mantap,mantap,positif,0.0014832024,0.048548717,0.94996816,GoPay,4
"selama ini sy selalu melakukan pembayaran cicilan jauh sebelum jatuh tempo, jadi sy minta pd pihak gopay utk tdk telpon terus ke nomor sy.",selama ini sy selalu melakukan pembayaran cicilan jauh sebelum jatuh tempo jadi sy minta pd pihak gopay utk tdk telpon terus ke nomor sy,negatif,0.7967729,0.17445655,0.028770601,GoPay,1
Sangat membantu sekali ketika kita sedang dalam kesulitan apalagi buat modal usaha pas banget terima kasih Gopay,sangat membantu sekali ketika kita sedang dalam kesulitan apalagi buat modal usaha pas banget terima kasih gopay,positif,0.0029202527,0.003740728,0.99333906,GoPay,5
APLIKASI GAK JELAS. PAKET SYA GAK MASUKÂ² TOLOL,aplikasi gak jelas paket sya gak masuk tolol,negatif,0.9584528,0.032580048,0.008967137,GoPay,1
QR nya gak jelas kek memk,qr nya gak jelas kek memk,negatif,0.5659975,0.2836476,0.15035497,GoPay,2
aplikasi ini sangat memudahkan transaksi dan top up mobile,aplikasi ini sangat memudahkan transaksi dan top up mobile,positif,0.0004059838,0.00055140414,0.9990426,GoPay,5
"isi kouta ga masuk2,saldo cukup tp ga bisa transaksi isi kouta internet,,parah gopay",isi kouta ga masuk2 saldo cukup tp ga bisa transaksi isi kouta internet parah gopay,negatif,0.7093002,0.2719435,0.018756274,GoPay,1
good,good,positif,0.0019610892,0.014595681,0.9834432,GoPay,5
sistem cepat,sistem cepat,positif,0.006561931,0.033155333,0.96028274,GoPay,5
baru pertama kali pakai aplikasi gopay harga lebih murah dari pada yang lainnya,baru pertama kali pakai aplikasi gopay harga lebih murah dari pada yang lainnya,positif,0.00017361843,8.975968e-05,0.99973667,GoPay,5
"Transaksi pending kok sampai nunggu 2hr kerja!! itu uang nya keburu di pakai boss!!! dapet pemberitahuan katanya bank yg di tranfer bermasalah trus aku coba transfer ulang ke bank yg sama masuk, yg bermasalah gopay atau bank nya ? tolong di benahi saya pengguna lama gopay, dulu kalo pending max 1jam ini di suruh nunggu 2hr. EDANNN!!!!",transaksi pending kok sampai nunggu 2hr kerja itu uang nya keburu di pakai boss dapet pemberitahuan katanya bank yg di tranfer bermasalah trus aku coba transfer ulang ke bank yg sama masuk yg bermasalah gopay atau bank nya tolong di benahi saya pengguna lama gopay dulu kalo pending max 1jam ini di suruh nunggu 2hr edannn,negatif,0.9783195,0.015191199,0.0064892345,GoPay,1
sangat sangat membantuğŸ™,sangat sangat membantu,positif,0.0005565614,0.005381693,0.99406177,GoPay,5
mantap betul.,mantap betul,positif,0.002249782,0.055529382,0.94222087,GoPay,5
good,good,positif,0.0019610892,0.014595673,0.9834432,GoPay,5
mantap...,mantap,positif,0.0014832024,0.048548717,0.94996816,GoPay,5
lancaf tranfer tanpa admin,lancaf tranfer tanpa admin,negatif,0.4904254,0.25716352,0.25241107,GoPay,5
sangat bagus pakai Gopay,sangat bagus pakai gopay,positif,0.0005821142,0.01640186,0.9830161,GoPay,5
sangat baik,sangat baik,positif,0.005601168,0.043763522,0.9506352,GoPay,5
Cepat dan akurat,cepat dan akurat,positif,0.0008638218,0.012088845,0.98704726,GoPay,4
mantap dan amanah,mantap dan amanah,positif,0.00012872322,0.010935584,0.98893565,GoPay,5
sangat membantu,sangat membantu,positif,0.0019550961,0.024901107,0.9731438,GoPay,5
percuma make ini bertahun2 tapi giliran butuh uang buat usaha di batalin lin Mulu padahal uang masuk keluar saya di situ dia atas 4 JT an TPI gak bisa minjam data aman juga ...aneh mending jangan di download,percuma make ini bertahun2 tapi giliran butuh uang buat usaha di batalin lin mulu padahal uang masuk keluar saya di situ dia atas 4 jt an tpi gak bisa minjam data aman juga aneh mending jangan di download,negatif,0.8645248,0.09890818,0.03656703,GoPay,1
lancar,lancar,positif,0.021742241,0.12606214,0.8521956,GoPay,5
baru mencoba,baru mencoba,positif,0.033234924,0.25785497,0.7089101,GoPay,5
masukan ni kak administrasi nya kalau untuk keuangan pinjaman jangan pilih2 kak ngasih nya dan paylater nya di liat dari keluar masuk uang nya di aplikasi kan jelas kalau org itu pengguna aktif tq ğŸ™ğŸ»,masukan ni kak administrasi nya kalau untuk keuangan pinjaman jangan pilih2 kak ngasih nya dan paylater nya di liat dari keluar masuk uang nya di aplikasi kan jelas kalau org itu pengguna aktif tq,negatif,0.5113793,0.1926794,0.29594126,GoPay,5
GA Usah kirim notif pinjeman mulu kalo belom bisa ngasih pinjeman. meledek tau ga,ga usah kirim notif pinjeman mulu kalo belom bisa ngasih pinjeman meledek tau ga,negatif,0.661196,0.30960062,0.029203348,GoPay,1
mantap,mantap,positif,0.0014832024,0.048548717,0.94996816,GoPay,5
sangat memuaskan,sangat memuaskan,positif,0.0041795135,0.032172784,0.96364766,GoPay,5
"ngisi paket data gak masuk "". padahal udah empat jam yg lalu transaksinya.",ngisi paket data gak masuk padahal udah empat jam yg lalu transaksinya,negatif,0.6625871,0.31351823,0.023894595,GoPay,1
lancar mantap,lancar mantap,positif,0.00028081975,0.009947363,0.9897717,GoPay,5
bagus,bagus,positif,0.0041440423,0.124911465,0.8709445,GoPay,5
alhamdulilah terimakasih go pay,alhamdulilah terimakasih go pay,positif,0.0018087953,0.00668384,0.9915073,GoPay,5
bagus,bagus,positif,0.0041440423,0.124911465,0.8709445,GoPay,5
saya mengalami masalah loading lama saat proses transaksi sehingga tidak bisa menyelesaikan pembayaran harap di perbaiki bug ini ğŸ‘,saya mengalami masalah loading lama saat proses transaksi sehingga tidak bisa menyelesaikan pembayaran harap di perbaiki bug ini,neutral,0.22003812,0.75801563,0.021946274,GoPay,2
untuk transfer aja ga bisa proses mulu. kata nya aplikasi hebat. tapi apa hebat nya. sama kaya IT2 gojek ternyata yang kerja nya cuma tidur. transfer dari gopay ke bank aja proses hati2 buat rekan2 dengan aplikais ini,untuk transfer aja ga bisa proses mulu kata nya aplikasi hebat tapi apa hebat nya sama kaya it2 gojek ternyata yang kerja nya cuma tidur transfer dari gopay ke bank aja proses hati2 buat rekan2 dengan aplikais ini,negatif,0.9848345,0.0047229915,0.010442488,GoPay,1
pinjam d gopay kalo telat bukan hanya ancaman lewat wa dan telepon.tapi nomer saya malah kedaftar di tokopedia dan dunia game...tiap jam ada otp masuk.,pinjam d gopay kalo telat bukan hanya ancaman lewat wa dan telepon tapi nomer saya malah kedaftar di tokopedia dan dunia game tiap jam ada otp masuk,negatif,0.8998734,0.026306743,0.07381992,GoPay,2
aplikasi sngt membantu,aplikasi sngt membantu,positif,0.006645297,0.023660526,0.96969414,GoPay,5
gopay apa an saya mau membuka gopay lama sangat sulit apa lagi masih ada saldo apa pihak gopay cuma ingin mengambil le untungan udah 5 hari ini gopay saya susah masuk kalau mau pihak gopay ambil saya sedekah kan mukin pihak gopah lagi miskin cok,gopay apa an saya mau membuka gopay lama sangat sulit apa lagi masih ada saldo apa pihak gopay cuma ingin mengambil le untungan udah 5 hari ini gopay saya susah masuk kalau mau pihak gopay ambil saya sedekah kan mukin pihak gopah lagi miskin cok,negatif,0.7696305,0.1505642,0.079805255,GoPay,1
"paling benci sama auto subscribe gojekplus, dan ribet buat nonaktifkan gopayXjago",paling benci sama auto subscribe gojekplus dan ribet buat nonaktifkan gopayxjago,negatif,0.5804888,0.31460178,0.104909346,GoPay,1
sangat mudah dan gampang d gunakan nya,sangat mudah dan gampang d gunakan nya,positif,0.0004079274,0.0077325837,0.99185944,GoPay,5
good,good,positif,0.001961091,0.014595681,0.9834432,GoPay,5
baguss,baguss,positif,0.1136887,0.29158837,0.59472287,GoPay,5
No pin saya ga bisa di pake...sudah 10 hari..padahal saya beli pulsa...transfer bank juga sdah ga bisa...komplein...yang jawab robot....sudah di hapus....dowload ulang malah lebih parah...ga bisa masuk sama sekali.....aplikaai penyiksa komsumen....,no pin saya ga bisa di pake sudah 10 hari padahal saya beli pulsa transfer bank juga sdah ga bisa komplein yang jawab robot sudah di hapus dowload ulang malah lebih parah ga bisa masuk sama sekali aplikaai penyiksa komsumen,neutral,0.39473575,0.5451867,0.060077596,GoPay,1
ok bagus,ok bagus,positif,0.0004462596,0.009732154,0.98982155,GoPay,5
bagus,bagus,positif,0.0041440423,0.124911465,0.8709445,DANA,5
"gak ada ujan gak ada panas,tiba2 fitur yang sering digunakan,malah tidak bisa di gunakan lagi",gak ada ujan gak ada panas tiba2 fitur yang sering digunakan malah tidak bisa di gunakan lagi,negatif,0.72139245,0.22420251,0.054405022,DANA,1
"cepat, mudah",cepat mudah,positif,0.00036723752,0.014719139,0.98491365,DANA,5
"pembayaran bnyk gangguan, untuk BPJS proses satu Jam nunggu, giliran sudah tapi Mlah gangguan, Diana dan timnya hanya menanggapi besok d maksimal""kan sedangkn BPJS sy sedang krisis, sengaja sy byar lewat dana agar cepat pembayaran Mlah hrs bgini.",pembayaran bnyk gangguan untuk bpjs proses satu jam nunggu giliran sudah tapi mlah gangguan diana dan timnya hanya menanggapi besok d maksimal kan sedangkn bpjs sy sedang krisis sengaja sy byar lewat dana agar cepat pembayaran mlah hrs bgini,negatif,0.99292135,0.004384209,0.0026943928,DANA,1
mantap,mantap,positif,0.0014832024,0.048548717,0.94996816,DANA,5
bagus juga...,bagus juga,positif,0.00168687,0.05872656,0.93958646,DANA,4
bagus,bagus,positif,0.0041440423,0.124911465,0.8709445,DANA,5
no wahid,no wahid,positif,0.019385403,0.051378943,0.92923564,DANA,5
knp dana saya gk ada dana cicil tolong di rekomendasi,knp dana saya gk ada dana cicil tolong di rekomendasi,positif,0.15375783,0.2871402,0.559102,DANA,5
kode otp saya gk kirim,kode otp saya gk kirim,neutral,0.33459875,0.43505841,0.23034282,DANA,2
sangat menolong dan puas pke dana,sangat menolong dan puas pke dana,positif,0.0059674093,0.02416328,0.9698693,DANA,5
kok kenapa ya pas mau masuk ke apk alasannya jaringan terputus,kok kenapa ya pas mau masuk ke apk alasannya jaringan terputus,neutral,0.27992547,0.4577889,0.26228556,DANA,2
sudah saya DM lewat Twitter di akun resmi dana tapi tidak ada balasan dari pihak dananya langsung,sudah saya dm lewat twitter di akun resmi dana tapi tidak ada balasan dari pihak dananya langsung,negatif,0.45282096,0.43740222,0.10977684,DANA,3
oke bro,oke bro,positif,0.023371825,0.2004747,0.7761535,DANA,5
ktoll aplkasi malah mnugu 2 hari abdet,ktoll aplkasi malah mnugu 2 hari abdet,negatif,0.49467847,0.28375039,0.221571,DANA,1
"mantappp,,",mantappp,positif,0.11368869,0.29158837,0.59472287,DANA,5
sangat membantu untuk transaksi,sangat membantu untuk transaksi,positif,0.0012437222,0.01888457,0.97987163,DANA,5
jos jos jis,jos jos jis,positif,0.27874655,0.04460923,0.67664427,DANA,5
SANGAT BERSYUKUR BISA KIRIM TAGIHAN PEMBELIAN SEPATU LEWAT DANA INI SANGAT MEMBANTU SEKALIğŸ™ğŸ™ğŸ™ğŸ™ğŸ‘ğŸ‘ğŸ‘ğŸ‘ğŸ‘,sangat bersyukur bisa kirim tagihan pembelian sepatu lewat dana ini sangat membantu sekali,positif,0.0020703315,0.0014534435,0.9964761,DANA,5
sangat membantu,sangat membantu,positif,0.0019550961,0.024901107,0.9731438,DANA,5
cepat bagus,cepat bagus,positif,0.00021312108,0.020276062,0.9795108,DANA,5
"gimana ini uang refundku dari tanggal 24 november sampe 1 desember belum di kembalikan, ada semua buktinya gimana tanggung jawab dari pihak dana",gimana ini uang refundku dari tanggal 24 november sampe 1 desember belum di kembalikan ada semua buktinya gimana tanggung jawab dari pihak dana,negatif,0.630449,0.300901,0.06865002,DANA,1
tolong developer menambahkan fitur ganti nama untuk dana premium,tolong developer menambahkan fitur ganti nama untuk dana premium,positif,0.114193514,0.32058874,0.56521773,DANA,3
bagus cepat dan aman,bagus cepat dan aman,positif,5.0489267e-05,0.008264713,0.99168473,DANA,5
ok,ok,positif,0.0068182927,0.029139757,0.9640419,DANA,5
"d jaman era digital, apk dana sngt mmbantu banget, buat tf maupun tarik tunai buat"" org"" terdekat..",d jaman era digital apk dana sngt mmbantu banget buat tf maupun tarik tunai buat org terdekat,positif,0.023468666,0.03317306,0.9433582,DANA,5
semakin jelek dana. udah riwayat transaksi lama. sekarang login harus kode otp mana ga ada opsi semisal goggle dll. untung saldo 0 rupiah kalo ada saldo waduh ribet . pindah ke sea bank aja lebih enak,semakin jelek dana udah riwayat transaksi lama sekarang login harus kode otp mana ga ada opsi semisal goggle dll untung saldo 0 rupiah kalo ada saldo waduh ribet pindah ke sea bank aja lebih enak,negatif,0.9548307,0.036021806,0.009147485,DANA,1
oke dana mantab semoga tidak ada gangguan lainya,oke dana mantab semoga tidak ada gangguan lainya,positif,0.0029008165,0.013640816,0.98345846,DANA,5
qris bisnis sering error,qris bisnis sering error,neutral,0.36656398,0.5635852,0.06985081,DANA,1
mantep,mantep,positif,0.10528551,0.18077011,0.7139444,DANA,5
ok bagusss,ok bagusss,positif,0.0068182987,0.02913977,0.9640419,DANA,5
sangat memuaskan,sangat memuaskan,positif,0.004179512,0.032172784,0.96364766,DANA,5
baguss,baguss,positif,0.11368869,0.29158837,0.59472287,DANA,5
mantap,mantap,positif,0.0014832024,0.048548717,0.94996816,DANA,5
baguss,baguss,positif,0.11368869,0.29158837,0.59472287,DANA,5
"skrg jd jelek bgt, HP saya ilang dan saya mau masukin no dana saya ke HP yg baru knp hrs ngirim otp mulu ke WA sih kan bisa verifikasi pke wajah, bner2 aplikasi jelekk nyengsarain org yg lagii bner2 kesusahan. pdhl akun dana yg gaada saldonya gampang2 aja masuknya, knp pas ada saldo yg lmyn gde malah d persulit masuk nya hah. amit2",skrg jd jelek bgt hp saya ilang dan saya mau masukin no dana saya ke hp yg baru knp hrs ngirim otp mulu ke wa sih kan bisa verifikasi pke wajah bner2 aplikasi jelekk nyengsarain org yg lagii bner2 kesusahan pdhl akun dana yg gaada saldonya gampang2 aja masuknya knp pas ada saldo yg lmyn gde malah d persulit masuk nya hah amit2,negatif,0.8932763,0.045904282,0.06081948,DANA,1
sangat baik,sangat baik,positif,0.005601168,0.043763522,0.9506352,DANA,5
bintange 5,bintange 5,positif,0.12426842,0.24554348,0.6301881,DANA,5
sangat membantu,sangat membantu,positif,0.0019550961,0.024901107,0.9731438,DANA,5
mening,mening,positif,0.20366623,0.29111403,0.5052197,DANA,5
tambah lama tambah lemot hitam .,tambah lama tambah lemot hitam,positif,0.3592314,0.17906795,0.46170062,DANA,2
sangat membantu untuk berbagai pembayaran,sangat membantu untuk berbagai pembayaran,positif,0.0003329867,0.0037088399,0.9959581,DANA,5
sangat berguna untuk saya,sangat berguna untuk saya,positif,0.00128423,0.008380723,0.990335,DANA,4
kenapa untuk pembelian bintang di fb pro selalu eror,kenapa untuk pembelian bintang di fb pro selalu eror,neutral,0.21021405,0.6776207,0.11216519,DANA,3
bgus,bgus,positif,0.07740266,0.11360975,0.8089876,DANA,5
kenapa aplikasi ini woyyy. gak bisa digunakan. udah kebuka beberapa detik kemudian malah keluar lagi. perbaiki gak cepet,kenapa aplikasi ini woyyy gak bisa digunakan udah kebuka beberapa detik kemudian malah keluar lagi perbaiki gak cepet,neutral,0.20464516,0.75661194,0.03874285,DANA,4
Bagus,bagus,positif,0.0041440423,0.124911465,0.8709445,DANA,5
jelek susah dibuka,jelek susah dibuka,negatif,0.8025372,0.15940861,0.038054213,DANA,5
bagus,bagus,positif,0.0041440423,0.124911465,0.8709445,DANA,5
"tolong dong dana akun saya kenapa gabisa di buka padahal sinyal bagus mentok di verivikasi katasandi ga munculÂ² dan stac disitu, user id Naran anggara",tolong dong dana akun saya kenapa gabisa di buka padahal sinyal bagus mentok di verivikasi katasandi ga muncul dan stac disitu user id naran anggara,neutral,0.33146966,0.55571634,0.11281405,DANA,1
sangat membantu dalam ber transaksi,sangat membantu dalam ber transaksi,positif,0.00071639055,0.0045043416,0.9947792,DANA,5
kurang memuaskan masa tdk bisa di akses apknya,kurang memuaskan masa tdk bisa di akses apknya,positif,0.09408662,0.37034145,0.53557193,DANA,1
tolong admin dana di fix bug mau ganti nomor telepon ngga bisa di karenakan nomor saya yang lama telah mati tidak bisa di gunakan lagi untuk mengirim kode/OTP jadi mohon untuk di fix agar bisa di ubah,tolong admin dana di fix bug mau ganti nomor telepon ngga bisa di karenakan nomor saya yang lama telah mati tidak bisa di gunakan lagi untuk mengirim kode otp jadi mohon untuk di fix agar bisa di ubah,negatif,0.4886598,0.39281377,0.11852642,DANA,2
aplikasi adinda ny simple cepet siap dan sangat membantu masyarakat kec tempuling,aplikasi adinda ny simple cepet siap dan sangat membantu masyarakat kec tempuling,positif,2.6136277e-06,9.815407e-07,0.99999636,DANA,5
kenapa pitur dana cicil saya bisa hilang kak?,kenapa pitur dana cicil saya bisa hilang kak,neutral,0.25054115,0.47816673,0.27129215,DANA,5
parah kenapa dana cicil saya ga muncul muncul padahal saya pakai dana dari 2018,parah kenapa dana cicil saya ga muncul muncul padahal saya pakai dana dari 2018,neutral,0.32047108,0.6109453,0.06858363,DANA,1
saya gak bisa masuk ke akun saya sendiri,saya gak bisa masuk ke akun saya sendiri,neutral,0.28501952,0.5714588,0.14352174,DANA,1
good,good,positif,0.0019610892,0.014595673,0.9834432,DANA,5
"ini serius dana sekarang tranfer 20rb jadi 19.500? kenapa kaya jadi bank bank yang lain, uda terpecaya dana enak buat simpen uang sekarang suka main admin adminan uninstal aja uda lebih baik ganti aplikasinya, JANGAN DI DOWNLOAD LAGI GENG, KALO GAMAU UBAH LAGI KAYA AWAL",ini serius dana sekarang tranfer 20rb jadi 19 500 kenapa kaya jadi bank bank yang lain uda terpecaya dana enak buat simpen uang sekarang suka main admin adminan uninstal aja uda lebih baik ganti aplikasinya jangan di download lagi geng kalo gamau ubah lagi kaya awal,neutral,0.13313642,0.82362086,0.043242704,DANA,2
dana lagi kenapa si ko duit saya baru juga berapa jam udah ulang 84 ribu ga ada transaksi apa apa lagiii tolong lahh perbaiki apa dari dana nya ini??,dana lagi kenapa si ko duit saya baru juga berapa jam udah ulang 84 ribu ga ada transaksi apa apa lagiii tolong lahh perbaiki apa dari dana nya ini,neutral,0.25840336,0.722776,0.018820604,DANA,1
coba beri layanan terbaik dong bagi pengguna dana... sering terjadi dana tidak menanggapi... sudah banyak error...,coba beri layanan terbaik dong bagi pengguna dana sering terjadi dana tidak menanggapi sudah banyak error,positif,0.013617654,0.07559672,0.9107856,DANA,1
sangat membantu untuk bertransaksi,sangat membantu untuk bertransaksi,positif,0.0010083527,0.013287395,0.98570424,DANA,5
"sangat puas dg apk ini, cepat tanpa kendala",sangat puas dg apk ini cepat tanpa kendala,positif,0.026042491,0.017944003,0.9560135,DANA,5
cepat dan aman,cepat dan aman,positif,0.0004050734,0.0124956025,0.9870993,DANA,5
memudahkan dalam bertransaksi,memudahkan dalam bertransaksi,positif,0.0016601697,0.018330008,0.9800099,DANA,5
aplikasi in sangat banyak membantu tapi kok saya gak bisa ngambil dana cicil yah kak padahal saya transaksi sudah muluhan juta kak,aplikasi in sangat banyak membantu tapi kok saya gak bisa ngambil dana cicil yah kak padahal saya transaksi sudah muluhan juta kak,positif,0.11089383,0.042537678,0.84656847,DANA,5
transaksi saya pending tetapi belum ada kabar pengembalian dananya jujur kecewa si top up Shopeepay eh malah pending saldo sudah terpotong tpi transaksi pending jadi belum masuk ke Shopeepay,transaksi saya pending tetapi belum ada kabar pengembalian dananya jujur kecewa si top up shopeepay eh malah pending saldo sudah terpotong tpi transaksi pending jadi belum masuk ke shopeepay,negatif,0.8735791,0.108212434,0.01820847,DANA,3
bagus,bagus,positif,0.0041440423,0.124911465,0.8709445,DANA,5
JANGAN PAKAI DANA BISNIS SALDO TIDAK BISA DI TARIK UDAH HAMPIR 1 BULAN,jangan pakai dana bisnis saldo tidak bisa di tarik udah hampir 1 bulan,negatif,0.62681437,0.28346413,0.08972154,DANA,1
ini aplikasi dana punya saya tidak ada dana cicil y.. dan saya pernah hilang uang di dana ini .. aplikasi dana tidak aman kawan,ini aplikasi dana punya saya tidak ada dana cicil y dan saya pernah hilang uang di dana ini aplikasi dana tidak aman kawan,neutral,0.1635129,0.5371806,0.29930657,DANA,1
dana cicil gak bisa dipergunakan ğŸ‘,dana cicil gak bisa dipergunakan,positif,0.16288419,0.18866262,0.6484533,DANA,1
aplikasi tidak beres cs ga pernah balas chat saya malah di skip dana saya di akun 2jt gabisa ditarik aplikasi penipu,aplikasi tidak beres cs ga pernah balas chat saya malah di skip dana saya di akun 2jt gabisa ditarik aplikasi penipu,negatif,0.9895576,0.007518016,0.0029243764,DANA,1
tidak dapat di buka,tidak dapat di buka,negatif,0.3949559,0.26024148,0.34480256,DANA,1
satset dan amanahğŸ˜‚,satset dan amanah,positif,0.0115691265,0.086479746,0.9019511,DANA,5
saya kasih bintang 2dulu ..ini tadi saya tes isi saldo 100ribu kalo uang berkurang di dana ku ya berarti emang di ambil entah Sama siapa aku gak tau,saya kasih bintang 2dulu ini tadi saya tes isi saldo 100ribu kalo uang berkurang di dana ku ya berarti emang di ambil entah sama siapa aku gak tau,negatif,0.65146804,0.20285383,0.14567813,DANA,1
"ku kira bagus ternyata sama aj, GK bisa kembalikan saldo yg salah kirim",ku kira bagus ternyata sama aj gk bisa kembalikan saldo yg salah kirim,neutral,0.2480415,0.59421,0.15774846,DANA,1
alhmdulilah gk repot2 lagi naruh uang semnjak punya DANA,alhmdulilah gk repot2 lagi naruh uang semnjak punya dana,negatif,0.4940551,0.2619191,0.24402575,DANA,5
"apk ga berguna, isi saldo aj ga bisa loading nya bisa 1 abad",apk ga berguna isi saldo aj ga bisa loading nya bisa 1 abad,negatif,0.977114,0.016093224,0.0067927656,DANA,1
dana cicil sya ada limit 100.000 Mimin knpa TDK bisa di gunakan,dana cicil sya ada limit 100 000 mimin knpa tdk bisa di gunakan,neutral,0.12328231,0.83323205,0.043485645,DANA,4
seru dan menarik lebih mudah,seru dan menarik lebih mudah,positif,8.846524e-05,0.0007455088,0.99916595,DANA,4
"Dana cicil saya mengapa tidak tersedia, semua cicilan sudah saya lunasi",dana cicil saya mengapa tidak tersedia semua cicilan sudah saya lunasi,neutral,0.26800585,0.49244642,0.23954779,DANA,4
alhamdulilah,alhamdulilah,positif,0.03178169,0.08739757,0.8808207,DANA,5
saya tidak ada dana cicil nya seperti orang lain .. padahal saya sudah transaksi di dana sudah jutaan .. mohon maaf sebelumnya.. saya akun fena mardiana fahsya.ko gapernah dapet paylater sih.. saya belanja ini itu dari dana transfer sana sini loh. yang lain dapet fitur paylater ko saya enggak.. tolong dong saya juga ingin kali kaya yang lain..,saya tidak ada dana cicil nya seperti orang lain padahal saya sudah transaksi di dana sudah jutaan mohon maaf sebelumnya saya akun fena mardiana fahsya ko gapernah dapet paylater sih saya belanja ini itu dari dana transfer sana sini loh yang lain dapet fitur paylater ko saya enggak tolong dong saya juga ingin kali kaya yang lain,positif,0.2355575,0.29720795,0.46723452,DANA,1
Ga bisa upreg ke dana prmium meskipun udah beberapa kali photo ktp dan selfi tetap aja ga bisa.lelet amat banyak berhenti lagi.,ga bisa upreg ke dana prmium meskipun udah beberapa kali photo ktp dan selfi tetap aja ga bisa lelet amat banyak berhenti lagi,negatif,0.53068227,0.44271463,0.026603082,DANA,2
sangat baik sekali,sangat baik sekali,positif,0.0038215762,0.017954765,0.9782237,DANA,5
sudah membantu trNsaksi dg gratisss trmksh y dana,sudah membantu trnsaksi dg gratisss trmksh y dana,positif,0.026251886,0.110607,0.86314106,DANA,5
Ini knapa dana sering keluar sendiri stiap di buka malah ketutup tolong di perbaiki,ini knapa dana sering keluar sendiri stiap di buka malah ketutup tolong di perbaiki,neutral,0.26458356,0.61113703,0.12427949,DANA,1
sangat direkomendasikan,sangat direkomendasikan,positif,0.021424413,0.06560324,0.9129724,DANA,3
ok,ok,positif,0.0068182927,0.029139757,0.9640419,DANA,5
sangat sangat memudahkan untuk membantu transfer uang di manapun kita berada,sangat sangat memudahkan untuk membantu transfer uang di manapun kita berada,positif,6.0544655e-05,0.0005780036,0.99936146,DANA,3
Sangat bermanfaat,sangat bermanfaat,positif,0.0031595465,0.016955065,0.9798854,DANA,5
jempol,jempol,positif,0.0745869,0.103361815,0.8220513,DANA,5
"scurity dana lemah,, kemarin saya kena bobol Rp. 660rb ğŸ˜¡ğŸ˜¡ğŸ˜¡ğŸ˜¡",scurity dana lemah kemarin saya kena bobol rp 660rb,negatif,0.6943176,0.1802242,0.12545827,DANA,1
tolong di perbaiki lagi,tolong di perbaiki lagi,neutral,0.22667447,0.4754515,0.29787406,DANA,5
mantap,mantap,positif,0.0014832024,0.048548717,0.94996816,DANA,5
bantu saya masuk ke akun dana saya Krn ditolak,bantu saya masuk ke akun dana saya krn ditolak,positif,0.19326064,0.37774953,0.42898977,DANA,5
alhamdulillah lancar,alhamdulillah lancar,positif,0.0046515856,0.025904754,0.9694437,DANA,5
FITUR TIDAK BERFUNGSI MENDING PAKAI OVO,fitur tidak berfungsi mending pakai ovo,negatif,0.59883624,0.16169094,0.23947285,DANA,1
"tolong dong di perbaiki,masa mau login aja susah harus pakai otp SMS sama WA klo bisa di tambahkan dari email dong.. soalnya kebanyakan nomer sudah pada ilang/ga aktif",tolong dong di perbaiki masa mau login aja susah harus pakai otp sms sama wa klo bisa di tambahkan dari email dong soalnya kebanyakan nomer sudah pada ilang ga aktif,negatif,0.5997473,0.3433523,0.05690036,DANA,4
"Uang hilang secara misterius tanpa sebab...ke Google di cek di google,,tak ada transaksi..",uang hilang secara misterius tanpa sebab ke google di cek di google tak ada transaksi,negatif,0.933399,0.046671532,0.019929467,DANA,1
bagus,bagus,positif,0.0041440423,0.124911465,0.8709445,OVO,5
"sangat kecewa dengan aplikasi ovo ini dikarenakan tidak amanah ,saya beli token Tpi kode token gak muncul bahkan saldo tetep terpotong,gimana ini??",sangat kecewa dengan aplikasi ovo ini dikarenakan tidak amanah saya beli token tpi kode token gak muncul bahkan saldo tetep terpotong gimana ini,negatif,0.77935445,0.19312842,0.027517058,OVO,1
"TF aja harus nunggu lama, beda banget sama e-wallet lain yg sat set ğŸ‘",tf aja harus nunggu lama beda banget sama e wallet lain yg sat set,negatif,0.548307,0.3965354,0.055157572,OVO,1
gangguan terusğŸ˜ ğŸ˜ ğŸ˜ ğŸ˜ ,gangguan terus,negatif,0.45924187,0.35389704,0.18686107,OVO,1
tolong di perbaiki lagi saya pake jaringan waifi mau masuk aplikasi ovo nya gagal terus,tolong di perbaiki lagi saya pake jaringan waifi mau masuk aplikasi ovo nya gagal terus,neutral,0.40966088,0.4939296,0.09640948,OVO,2
"Habis update 01 des 2025 mau beli susu di Indomaret pin gua salah, nunggu 1jam udah malah disuruh nunggu 30 menit ,30menit udah suruh nunggu lagi 1jam, gua capeeeekkkkk cuma beli pake uang hasil kerja bapaknya anak gua Jasmin anggun Knapp hape Tecno udah pernah masuk pegawean biru deket RSUD citra indah, dana gua dimainan sama anak anak yang namu di Rumah Farah Farid bukit pinus blok q19 nomer 05 sampai dibantuin sama Pemain bola Ricky masih aja semua nya diembat mulai lagi Cici Paramita iya",habis update 01 des 2025 mau beli susu di indomaret pin gua salah nunggu 1jam udah malah disuruh nunggu 30 menit 30menit udah suruh nunggu lagi 1jam gua capeeeekkkkk cuma beli pake uang hasil kerja bapaknya anak gua jasmin anggun knapp hape tecno udah pernah masuk pegawean biru deket rsud citra indah dana gua dimainan sama anak anak yang namu di rumah farah farid bukit pinus blok q19 nomer 05 sampai dibantuin sama pemain bola ricky masih aja semua nya diembat mulai lagi cici paramita iya,negatif,0.7768358,0.1995263,0.023637852,OVO,1
aplikasi kurang enak memotong terlalu banyak saldo,aplikasi kurang enak memotong terlalu banyak saldo,negatif,0.8765706,0.04668115,0.076748274,OVO,1
kenapa ovo paylatter saya limit nya 0 padahal saya tertib bayar nya gak pernah telat tolong segera diaktifkan kembali trimksh,kenapa ovo paylatter saya limit nya 0 padahal saya tertib bayar nya gak pernah telat tolong segera diaktifkan kembali trimksh,neutral,0.28872225,0.62837654,0.082901195,OVO,5
makin rumit masak di top up pake bca ngak bisa .harus verifikasi .sedangkan di verifikasi harus super ribet .gimana opsi anda,makin rumit masak di top up pake bca ngak bisa harus verifikasi sedangkan di verifikasi harus super ribet gimana opsi anda,negatif,0.58913255,0.37754852,0.033318914,OVO,1
gw kasih bintang 5 bukan karena aplikasi nya bagus. tapi buruk. potongan nya parah.auto uinstall,gw kasih bintang 5 bukan karena aplikasi nya bagus tapi buruk potongan nya parah auto uinstall,negatif,0.65355885,0.19182116,0.15462,OVO,5
najis ada biyaya admin dalem,najis ada biyaya admin dalem,negatif,0.80551636,0.13091879,0.06356486,OVO,1
OVO terlalu mahal buat tarik tunai di minimarket dengan biaya admin Rp5000.. beda dengan aplikasi lainya,ovo terlalu mahal buat tarik tunai di minimarket dengan biaya admin rp5000 beda dengan aplikasi lainya,negatif,0.5650502,0.28099117,0.15395853,OVO,1
"Nyediain fitur ganti nomor tapi kendala mulu ga bisa ganti, kaga jelas banget apk nya kocak. Benerin tuh biar naikin performa apk sama rating",nyediain fitur ganti nomor tapi kendala mulu ga bisa ganti kaga jelas banget apk nya kocak benerin tuh biar naikin performa apk sama rating,negatif,0.98549217,0.0075026434,0.007005164,OVO,1
sangat bagus sekali aplikasi ini,sangat bagus sekali aplikasi ini,positif,0.0008232684,0.0067790835,0.99239755,OVO,4
terimakasih atas semuanya ovo,terimakasih atas semuanya ovo,positif,0.037147406,0.12827113,0.8345815,OVO,5
awal Desember 2025 ada transaksi uang keluar 1.000.000 tanpa konfirmasi dahulu ke pemilik akun ....biaya langganan apa yang sampai 1.000.000 dan saya ga faham potongan itu untuk biaya apa...,awal desember 2025 ada transaksi uang keluar 1 000 000 tanpa konfirmasi dahulu ke pemilik akun biaya langganan apa yang sampai 1 000 000 dan saya ga faham potongan itu untuk biaya apa,negatif,0.8970897,0.054159198,0.048751052,OVO,1
"aplikasi ewallet yg sangat merugikan sekali bagi pengguna,kirim 100 000 ke ovo dri bank biasa pengiriman di potong admind, eh ini mlah ovo yg nirima di potong juga sbesar 2000 jdi d tima di ovo tinggal 98000, benar2 ewallet ter parah ovo ini..sngat merugikan pengguna..kapok pkai ovo",aplikasi ewallet yg sangat merugikan sekali bagi pengguna kirim 100 000 ke ovo dri bank biasa pengiriman di potong admind eh ini mlah ovo yg nirima di potong juga sbesar 2000 jdi d tima di ovo tinggal 98000 benar2 ewallet ter parah ovo ini sngat merugikan pengguna kapok pkai ovo,negatif,0.8760579,0.005323714,0.11861845,OVO,1
Baru pertama kok sudah di persulit daptar nya Hadeh gimana sih,baru pertama kok sudah di persulit daptar nya hadeh gimana sih,neutral,0.11399448,0.59404314,0.29196236,OVO,1
burik ajg gabisa d buka login gabisa masuk,burik ajg gabisa d buka login gabisa masuk,negatif,0.80201,0.13575706,0.062232878,OVO,1
"verif susahnya minta ampun udah email berkali"" tetap tidak membantu sama sekali. mau bikin akun aja di persulit",verif susahnya minta ampun udah email berkali tetap tidak membantu sama sekali mau bikin akun aja di persulit,negatif,0.8513132,0.12340374,0.02528315,OVO,1
kenapa ovo makin lama makin buruk pelayanan..isi kuota aja ini hari sudah 4x gagal.pusing..klo tau mending beli langsung ke konter hp.,kenapa ovo makin lama makin buruk pelayanan isi kuota aja ini hari sudah 4x gagal pusing klo tau mending beli langsung ke konter hp,negatif,0.91057336,0.057661965,0.031764634,OVO,2
"mudah untuk bertransaksi, dan semoga bisa diproses dengan mudah",mudah untuk bertransaksi dan semoga bisa diproses dengan mudah,positif,7.618007e-05,0.002524298,0.99739957,OVO,5
"Terus terang kurang nyaman pakai ovo, lebih baik DANA atau GO-PAY. disini terlalu banyak bayar",terus terang kurang nyaman pakai ovo lebih baik dana atau go pay disini terlalu banyak bayar,positif,0.005842199,0.0103682885,0.9837895,OVO,2
ğŸ‘ŒğŸ»,,positif,0.11368869,0.29158837,0.59472287,OVO,5
banyak biaya admin dn pemotongan gak jelas,banyak biaya admin dn pemotongan gak jelas,negatif,0.8599468,0.11041412,0.029639075,OVO,1
"aneh, masa mau upgrade ke premier. di sangka hape modifikasi atau di root. padahal engga sama sekali, masalahnya bukan cuma 1 hape. tapi, pindah ke hape lain juga sama.",aneh masa mau upgrade ke premier di sangka hape modifikasi atau di root padahal engga sama sekali masalahnya bukan cuma 1 hape tapi pindah ke hape lain juga sama,negatif,0.85062903,0.1292187,0.020152349,OVO,1
"sangat2 kecewa...udah nyaman2 pake ovo awalnya karna sebagai ojol grab wajib pake ovo, tapi sekarang karna masalah ganti nomor hp gagal padahal udah sesuai prosedur di aplikasi, dan minta bantuan ke cs malah dipersulit, intinya hp ilang beserta nomor ilang, udah wasalam Lo...",sangat2 kecewa udah nyaman2 pake ovo awalnya karna sebagai ojol grab wajib pake ovo tapi sekarang karna masalah ganti nomor hp gagal padahal udah sesuai prosedur di aplikasi dan minta bantuan ke cs malah dipersulit intinya hp ilang beserta nomor ilang udah wasalam lo,negatif,0.95761716,0.03284772,0.009535103,OVO,1
"malas kali nengok ovo, login harus pake kode trus padahal no saya ga aktif lagi",malas kali nengok ovo login harus pake kode trus padahal no saya ga aktif lagi,negatif,0.91192317,0.06873776,0.019339051,OVO,1
"Sebenarnya ovo masih banyak kurangnya gak bisa transaksi transfer saldo ke dana ,gopay kalo bisa pasti lebih menarik",sebenarnya ovo masih banyak kurangnya gak bisa transaksi transfer saldo ke dana gopay kalo bisa pasti lebih menarik,neutral,0.3338851,0.6072371,0.05887778,OVO,5
mantapp,mantapp,positif,0.11368869,0.29158837,0.59472287,OVO,4
ngeri setiap topup potongan terus...RAKUS satu hari 6 kali transaksi. di potong terus. DANA tidak banyak potongan transaksi.,ngeri setiap topup potongan terus rakus satu hari 6 kali transaksi di potong terus dana tidak banyak potongan transaksi,negatif,0.8800349,0.08595522,0.034009855,OVO,1
verivikasi susah banget gagal mulu capek,verivikasi susah banget gagal mulu capek,negatif,0.7410741,0.18220578,0.076720044,OVO,1
susah ganti no gagal terus,susah ganti no gagal terus,negatif,0.6620404,0.2405009,0.09745875,OVO,1
apk apa sihh ini tolol bgt mau tf aja gagal teruss,apk apa sihh ini tolol bgt mau tf aja gagal teruss,negatif,0.96251625,0.019714212,0.01776957,OVO,5
"Gak bisa ubah profile, liat email terdaftar pun gak bisa.. Tolong lebih transparan..",gak bisa ubah profile liat email terdaftar pun gak bisa tolong lebih transparan,negatif,0.74293554,0.19273245,0.06433201,OVO,3
"ovo keren banget, proses nya juga mudah, gak ribet, dan mudah di gunakan",ovo keren banget proses nya juga mudah gak ribet dan mudah di gunakan,positif,2.198923e-05,2.3998251e-05,0.9999539,OVO,5
tolong di perbaiki dong loading lama banget mau masuk aja masa butuh 3 mnt,tolong di perbaiki dong loading lama banget mau masuk aja masa butuh 3 mnt,neutral,0.19500284,0.77999043,0.025006825,OVO,3
susah ribet acun saya susah d buka mau ganti no hp aja susah nya minta ampun,susah ribet acun saya susah d buka mau ganti no hp aja susah nya minta ampun,negatif,0.64861554,0.30312854,0.048255883,OVO,1
merugikan bagi ojol yang menerima pembayaran dengan transfer manual dari bank ke ovo. tujuan transfer sangat terbatas sehingga tidak praktis sebagai emoney. malah jadinya seperti aplikasi celengan babi yang susah dipakai,merugikan bagi ojol yang menerima pembayaran dengan transfer manual dari bank ke ovo tujuan transfer sangat terbatas sehingga tidak praktis sebagai emoney malah jadinya seperti aplikasi celengan babi yang susah dipakai,negatif,0.8898828,0.042446382,0.06767078,OVO,1
jangan pernah make ovo masak mau ganti kode make email dan tidak ada cara lain ketika email ilang,jangan pernah make ovo masak mau ganti kode make email dan tidak ada cara lain ketika email ilang,negatif,0.65444994,0.3141686,0.03138155,OVO,1
Baik ğŸ”‚,baik,positif,0.019265166,0.114677876,0.866057,OVO,5
"semakin kesini biaya adminnya gak ngotak, beda sama e-walet yang lain.",semakin kesini biaya adminnya gak ngotak beda sama e walet yang lain,neutral,0.30929226,0.6274647,0.06324302,OVO,1
APLIKASI PENIPUAN .SALDO SAYA 400RIBU RAIB TIDAK DI REFUN . PENGALAMAN SAYA KEMARIN MELAKUKAN PEMBAYARAN MELALUI OVO .PADA SAAT ITU TRANSAKSI SEDANG DI PROSES SAMPAI BER JAM JAM BARU TULISAN TRANSAKSI BERHASIL.NAMUN SI PENERIMA TIDAK MENERIMA PEMBAYARAN ITU PADAHAL DARI OVO NYA SUDAH BERHASIL . SAYA DI SURU CS OVO MENUNGGU SAMPAI 14 HARI TAPI BELUM MASUK JUGA SALDO SAYA . BUAT KALIAN JANGAN COBA COBA PAKAI LAGI APLIKASI INI .MEREKA SUDAH MELAKUKAN PENIPUAN,aplikasi penipuan saldo saya 400ribu raib tidak di refun pengalaman saya kemarin melakukan pembayaran melalui ovo pada saat itu transaksi sedang di proses sampai ber jam jam baru tulisan transaksi berhasil namun si penerima tidak menerima pembayaran itu padahal dari ovo nya sudah berhasil saya di suru cs ovo menunggu sampai 14 hari tapi belum masuk juga saldo saya buat kalian jangan coba coba pakai lagi aplikasi ini mereka sudah melakukan penipuan,negatif,0.98166144,0.013537887,0.004800492,OVO,1
Susah masuk ke akun lama harus daftar ulang mana gak bisa upgrade premier lagi harus tutup akun lama dulu tapi akun lama susah dibuka ğŸ˜¤,susah masuk ke akun lama harus daftar ulang mana gak bisa upgrade premier lagi harus tutup akun lama dulu tapi akun lama susah dibuka,negatif,0.98686486,0.007092492,0.0060425997,OVO,1
Ovo yang tehormat kok saya tranfer uang ke kakak 600 Ribu selama 2 hari belum masuk ini..Apa ini mksdnyaa profesional dong,ovo yang tehormat kok saya tranfer uang ke kakak 600 ribu selama 2 hari belum masuk ini apa ini mksdnyaa profesional dong,negatif,0.92868763,0.033521716,0.037790705,OVO,1
bagus,bagus,positif,0.0041440423,0.124911465,0.8709445,OVO,5
ewalet payah,ewalet payah,positif,0.17350657,0.19419079,0.6323026,OVO,1
apk pembayaran ribet,apk pembayaran ribet,negatif,0.72855455,0.06976463,0.20168075,OVO,1
knp uang top up saya gak masukÂ² kok lama sekali apk kaliam ini,knp uang top up saya gak masuk kok lama sekali apk kaliam ini,neutral,0.18719493,0.7921935,0.020611616,OVO,1
"Maaf telpon saya tidak dimodifikasi, tapi ketika saya tekan upgrade, telpon saya tidak bisa karena di modifikasi.Telpon saya Samsung galaxy asli dari pabrik tidak modifikasi.",maaf telpon saya tidak dimodifikasi tapi ketika saya tekan upgrade telpon saya tidak bisa karena di modifikasi telpon saya samsung galaxy asli dari pabrik tidak modifikasi,neutral,0.43028274,0.46969518,0.10002197,OVO,2
mon maaf ini developer aplikasinya tolong banget Saya mau ketik nama lengkap malah gak bisa,mon maaf ini developer aplikasinya tolong banget saya mau ketik nama lengkap malah gak bisa,neutral,0.26102042,0.62824947,0.11073017,OVO,1
"Sangat buruk,buat nulis nama pengguna aja nggak bisa,terlalu banyak bug",sangat buruk buat nulis nama pengguna aja nggak bisa terlalu banyak bug,negatif,0.86811215,0.1121474,0.01974037,OVO,1
aplikasi sspmh fe nya terlalu besar,aplikasi sspmh fe nya terlalu besar,negatif,0.46532926,0.22875603,0.30591476,OVO,2
"ribet tutup akun harus inget nomer lama padahal udh ada nik foto ktp tetep aja dipersulit,geje ovo",ribet tutup akun harus inget nomer lama padahal udh ada nik foto ktp tetep aja dipersulit geje ovo,negatif,0.6812623,0.31027594,0.008461738,OVO,1
hai kk ini kenapaa ovo gabisa pake qris ya? padahal biasanya bisa sekarang kok ga bisa ya,hai kk ini kenapaa ovo gabisa pake qris ya padahal biasanya bisa sekarang kok ga bisa ya,neutral,0.3483229,0.5323572,0.11931991,OVO,3
apk g jelas,apk g jelas,negatif,0.57133067,0.039015364,0.38965395,OVO,1
"kenapa bisa bisa tranfer sendiri nya,gmana ni saya buat pusat pengaduan,apa seburuk ini App ovo sampai uang pun di simpan bisa transfer sendiri nya,mohon penjelasan nya",kenapa bisa bisa tranfer sendiri nya gmana ni saya buat pusat pengaduan apa seburuk ini app ovo sampai uang pun di simpan bisa transfer sendiri nya mohon penjelasan nya,negatif,0.43075684,0.40781745,0.1614258,OVO,1
bad,bad,positif,0.041912727,0.0452699,0.9128173,OVO,1
gak ada geme yah seperti aplikasi nabung uang lainnya,gak ada geme yah seperti aplikasi nabung uang lainnya,positif,0.37075442,0.053658947,0.5755866,OVO,3
"Tiap TOP UP OVO dr bank Jago kena Admin 2000, padahal dr Jago nya free admin. Invest di Bareksa Via OVO aja udah kena admin 1000. hadeh",tiap top up ovo dr bank jago kena admin 2000 padahal dr jago nya free admin invest di bareksa via ovo aja udah kena admin 1000 hadeh,neutral,0.27870107,0.6723619,0.048937064,OVO,1
kenapa kalau nmr kita udh mati gak bisa masuk akun lagi,kenapa kalau nmr kita udh mati gak bisa masuk akun lagi,neutral,0.20416641,0.7360682,0.05976549,OVO,1
akun pribadi ovo asli,akun pribadi ovo asli,negatif,0.5488455,0.14485632,0.30629817,OVO,3
"saya log in dihape baru,lalu saya log in tapi ngga bisa masuk,lalu terdapat tulisan hape saya dimodifikiasi tidak dapat verifikasi ke superbank .Hape saya samsung galaxy a07 yang baru.Tolong solusinya",saya log in dihape baru lalu saya log in tapi ngga bisa masuk lalu terdapat tulisan hape saya dimodifikiasi tidak dapat verifikasi ke superbank hape saya samsung galaxy a07 yang baru tolong solusinya,negatif,0.6564741,0.31806043,0.025465468,OVO,1
sagat bagus,sagat bagus,positif,0.0037503205,0.058725886,0.9375239,OVO,5
sangat bagus,sangat bagus,positif,0.0014150889,0.054195322,0.94438964,OVO,5
biyaya TF nya keterlaluan.mendingan jangan pake apk ini.mahalllll....apk kaya gini mah jangan di gunakan,biyaya tf nya keterlaluan mendingan jangan pake apk ini mahalllll apk kaya gini mah jangan di gunakan,neutral,0.3481845,0.6346589,0.017156648,OVO,1
ini kenapa ovo kalau saya top up setelah berhasil masuk saldo tapi berkurang 2rb padahal di top up nya udah dikasih admin malah di ovo berkurang 2rb tolong di perbaiki,ini kenapa ovo kalau saya top up setelah berhasil masuk saldo tapi berkurang 2rb padahal di top up nya udah dikasih admin malah di ovo berkurang 2rb tolong di perbaiki,negatif,0.9614113,0.013783005,0.024805622,OVO,1
udah minimal top up 20.000. ada potongannya pula. mending aplikasi biru daripada ini gak worth it samsek,udah minimal top up 20 000 ada potongannya pula mending aplikasi biru daripada ini gak worth it samsek,negatif,0.7235133,0.1996113,0.07687537,OVO,1
"Aplikasi anjeenngg. kebanyakan update,tiap mau di pake harus update dulu ğŸ½ğŸ½ğŸ½ğŸ½",aplikasi anjeenngg kebanyakan update tiap mau di pake harus update dulu,negatif,0.72746366,0.21490471,0.057631675,OVO,1
"saya mau ganti nmer ovo susah banget proses gagal terus padahal dah diverifikasi email tolong di bantu dong ,,gimna nasib saldo saya",saya mau ganti nmer ovo susah banget proses gagal terus padahal dah diverifikasi email tolong di bantu dong gimna nasib saldo saya,neutral,0.31332588,0.6315083,0.05516581,OVO,5
susah mau upgrade ke premium nya,susah mau upgrade ke premium nya,neutral,0.44923452,0.47824728,0.07251813,OVO,1
"gua kesel pake ovo mau TF dana ajah selalu registrasi ulang kTp udh dua kali bgtu mlu, emang register KTP gak ckup sekali, developer nya kasih tau itu please gua punya akun 2 ovo dengan no tlp yg berbeda masa satu no 1 KTP 1 akun gak smua orang hp nya 1 gua hp nya ada 2 masing masing ada grab ada ovo jdi stop ribetin pengguna, mau transfer jadi susah jdi mles top up ovo",gua kesel pake ovo mau tf dana ajah selalu registrasi ulang ktp udh dua kali bgtu mlu emang register ktp gak ckup sekali developer nya kasih tau itu please gua punya akun 2 ovo dengan no tlp yg berbeda masa satu no 1 ktp 1 akun gak smua orang hp nya 1 gua hp nya ada 2 masing masing ada grab ada ovo jdi stop ribetin pengguna mau transfer jadi susah jdi mles top up ovo,negatif,0.9633379,0.022021418,0.014640695,OVO,1
"maaf saya kasih bintang 7 karna ovo ini luar biasa sampe tdk ada gratis admin tdk seperti e wallet lain , misalkan mau top up atau tf dari ovo ke mana pun meski harus ada admin",maaf saya kasih bintang 7 karna ovo ini luar biasa sampe tdk ada gratis admin tdk seperti e wallet lain misalkan mau top up atau tf dari ovo ke mana pun meski harus ada admin,neutral,0.45412874,0.45985198,0.08601924,OVO,5
puas,puas,positif,0.031832837,0.15600741,0.8121597,OVO,5
"saya transfer sukses tapi tidak masuk, saldo berkurang gimana ini pelayanan nya perbaiki dong bintang 5 saya kasih perbaiki dong",saya transfer sukses tapi tidak masuk saldo berkurang gimana ini pelayanan nya perbaiki dong bintang 5 saya kasih perbaiki dong,negatif,0.4907212,0.31869164,0.19058721,OVO,5
"saya pakai ovo pay later, tapi ngga di beritahu tanggal jatuh tempo tiba tiba udah jatuh tempo harusnya kan awal bulan ini masih tanggal 30 November tiba tiba di blokir, udah admin nya bayar ngga gratis kaya shopee, dasar malaysia penipu",saya pakai ovo pay later tapi ngga di beritahu tanggal jatuh tempo tiba tiba udah jatuh tempo harusnya kan awal bulan ini masih tanggal 30 november tiba tiba di blokir udah admin nya bayar ngga gratis kaya shopee dasar malaysia penipu,negatif,0.71767193,0.22538212,0.056945864,OVO,1
keluar semua dari akun ovo paylater...analystnya nga punya ilmu ..menilai konsumen subjekfi ..limit jadi 0 rupiah...parahnya kirim email selamat ovo kamu mengalami kenaikan 1 rupiah dengan iuran 7500...dimana otak finacenya ovo...nga pernah telat bayar..nga pernah nunggak..aktif..e..saldo di nol..kan ..tunggu tanggal mainnya...,keluar semua dari akun ovo paylater analystnya nga punya ilmu menilai konsumen subjekfi limit jadi 0 rupiah parahnya kirim email selamat ovo kamu mengalami kenaikan 1 rupiah dengan iuran 7500 dimana otak finacenya ovo nga pernah telat bayar nga pernah nunggak aktif e saldo di nol kan tunggu tanggal mainnya,negatif,0.82713145,0.10958845,0.063280076,OVO,1
SALDO SAYAAA BELOMMM MASUKK KENAPAA BELOMM MASUK MOHON. DI PERBARUI YAAA MOHON BANTUAN NYA,saldo sayaaa belommm masukk kenapaa belomm masuk mohon di perbarui yaaa mohon bantuan nya,neutral,0.33779377,0.54629195,0.115914166,OVO,1
mantaf,mantaf,positif,0.11368869,0.29158837,0.59472287,OVO,5
sangat tidak adil,sangat tidak adil,positif,0.110733666,0.10318594,0.78608036,OVO,1
ok,ok,positif,0.0068182927,0.029139757,0.9640419,OVO,5
saya driver grab melakukan penarikan dompet tunai apk grab melalui ovo. keterangan di apk grab penarikan berhasil tapi kenyataan di ovo sampe sekarang saldo ovo tetap kosong tidak ada uang masuk uang hilang entah kemana klo bukan karna terpaksa tidak akan mau mengggunakan aplikasi keuangan yg tidak jelas ini.,saya driver grab melakukan penarikan dompet tunai apk grab melalui ovo keterangan di apk grab penarikan berhasil tapi kenyataan di ovo sampe sekarang saldo ovo tetap kosong tidak ada uang masuk uang hilang entah kemana klo bukan karna terpaksa tidak akan mau mengggunakan aplikasi keuangan yg tidak jelas ini,negatif,0.80293095,0.15447754,0.042591456,OVO,1
gila lemot banget!!! ğŸ‘ğŸ™… kalau gk bisa kasih yang baik gk usah maksa buat update dong!!!,gila lemot banget kalau gk bisa kasih yang baik gk usah maksa buat update dong,negatif,0.6760074,0.23858285,0.08540969,OVO,1
aplikasi macam apa ini kaga di kelurin kaga apa tiba tiba keluar sendiri pembayaran bayak potongan niat bikin apk kaga hah lu letenir apa gimna admin nya gede gede banget heran,aplikasi macam apa ini kaga di kelurin kaga apa tiba tiba keluar sendiri pembayaran bayak potongan niat bikin apk kaga hah lu letenir apa gimna admin nya gede gede banget heran,negatif,0.9966763,0.000719313,0.002604369,OVO,1
ğŸ‘ğŸ‘ğŸ‘,,positif,0.11368869,0.29158837,0.59472287,OVO,5
gangguan lama lama susah mau bayar ini itu,gangguan lama lama susah mau bayar ini itu,negatif,0.8078265,0.16120279,0.030970713,OVO,1
Kebesaran biaya admin,kebesaran biaya admin,negatif,0.54971445,0.28393447,0.16635111,OVO,1
kenapa setiap transaksi di ovo kena admint trus siihğŸ˜¯ terima transeferan kena potongan admin...byr & transfer kena admint juga...apa gk ada gratis transaksi nya gitu di ovo ini...rugi dong tiap transaksi di potong admint trus mah BossğŸ˜¯ klw terus selalu di potong admint tiap transaksi di ovo baik itu trima transfer atau byr lwt ovo selalu kena admint lebih baik saya uinstal tidak pakai ovo lagi MERUGIKANğŸ˜¯,kenapa setiap transaksi di ovo kena admint trus siih terima transeferan kena potongan admin byr transfer kena admint juga apa gk ada gratis transaksi nya gitu di ovo ini rugi dong tiap transaksi di potong admint trus mah boss klw terus selalu di potong admint tiap transaksi di ovo baik itu trima transfer atau byr lwt ovo selalu kena admint lebih baik saya uinstal tidak pakai ovo lagi merugikan,neutral,0.40632647,0.54868346,0.044989977,OVO,1
biarkan bintang yang berbicara,biarkan bintang yang berbicara,positif,0.025621109,0.014650518,0.9597284,OVO,1
aplikasi yang sangat memeras uang rakyat. tulisan nya bebas tranfer. nyatanya topup dan tranfer semua kena biaya. tak layak,aplikasi yang sangat memeras uang rakyat tulisan nya bebas tranfer nyatanya topup dan tranfer semua kena biaya tak layak,negatif,0.75605005,0.0058331573,0.23811676,OVO,1
semoga bisa membantu pinjaman,semoga bisa membantu pinjaman,positif,0.0006593053,0.018674241,0.98066646,OVO,5
Aplikasi gajelas nomor hilang Imel sudah tertaut di ganti sudah verifikasi Imel ganti nomer baru gagal terus apk pencuri bukan dompet digital,aplikasi gajelas nomor hilang imel sudah tertaut di ganti sudah verifikasi imel ganti nomer baru gagal terus apk pencuri bukan dompet digital,negatif,0.99930644,0.00012879331,0.00056490133,OVO,1
Tiba2 limit paylater ovo 1 rupiah padahal bayar lancar,tiba2 limit paylater ovo 1 rupiah padahal bayar lancar,neutral,0.34363934,0.5546686,0.10169206,OVO,1
"rugi bangeeeet, baru pertama kali pake buat belanja di lzd, 3x top up saldo 3x juga saldo dipotong. padahal top up di awal tuh harusnya cukup malah keterangannya saldo tidak mencukupi, bagian udah payment ada saldo ngendap tp tetep saldo kepotong. gajelas! tau gitu pake e-wallet lain aja. RUGI",rugi bangeeeet baru pertama kali pake buat belanja di lzd 3x top up saldo 3x juga saldo dipotong padahal top up di awal tuh harusnya cukup malah keterangannya saldo tidak mencukupi bagian udah payment ada saldo ngendap tp tetep saldo kepotong gajelas tau gitu pake e wallet lain aja rugi,negatif,0.99651176,0.0008827076,0.0026054669,OVO,1
terlalu beresiko untuk bertransaksi uangğŸ‘ğŸ»,terlalu beresiko untuk bertransaksi uang,neutral,0.259626,0.38715515,0.35321873,OVO,3
mantap,mantap,positif,0.0014832024,0.048548717,0.94996816,OVO,5
no syh tida aktif tpi masuk ke imel sudah vrifikasi tetep gagal terus dan coba lg.,no syh tida aktif tpi masuk ke imel sudah vrifikasi tetep gagal terus dan coba lg,negatif,0.7110164,0.061234843,0.22774872,OVO,5
KTA enyh bisa pinjam enyata enyh g bisa,kta enyh bisa pinjam enyata enyh g bisa,positif,0.10071401,0.06651876,0.8327672,OVO,2
"ikutan aja dah, setiap buka app.. nongol muku",ikutan aja dah setiap buka app nongol muku,negatif,0.63677907,0.18170518,0.18151575,OVO,5
godd,godd,positif,0.1136887,0.29158837,0.59472287,OVO,5
